{"name":"c4b0f24e-4fbc-4020-8379-a3817f471b51","id":"/providers/Microsoft.Flow/flows/c4b0f24e-4fbc-4020-8379-a3817f471b51","type":"Microsoft.Flow/flows","properties":{"apiId":"/providers/Microsoft.PowerApps/apis/shared_logicflows","displayName":"Import Artwork from Excel spreadsheet into CDS","definition":{"metadata":{"workflowEntityId":null,"creator":{"id":"240d14a8-5907-468b-8e2f-e4c58a02797b","type":"User","tenantId":"3f5c562b-56a9-4cd3-b0d3-94bed5614d89"},"provisioningMethod":"FromDefinition","failureAlertSubscription":true,"clientLastModifiedTime":"2019-07-17T02:49:56.8519688Z"},"$schema":"https://schema.management.azure.com/providers/Microsoft.Logic/schemas/2016-06-01/workflowdefinition.json#","contentVersion":"1.0.0.0","parameters":{"$connections":{"defaultValue":{},"type":"Object"},"$authentication":{"defaultValue":{},"type":"SecureObject"}},"triggers":{"manual":{"type":"Request","kind":"Button","inputs":{"schema":{"type":"object","required":[],"properties":{}},"headersSchema":{"x-ms-user-name-encoded":{"type":"string","title":"User name","format":"byte"},"x-ms-user-email-encoded":{"type":"string","title":"User email","format":"byte"},"x-ms-user-timestamp":{"type":"string","title":"Timestamp"}}}}},"actions":{"List_rows_present_in_a_table":{"runAfter":{"Apply_to_each_2":["Succeeded"]},"metadata":{"01BF4MPJSIL4JECWNCWBE3M6APW7Q435TG":"/contoso-artwork.xlsx","flowSystemMetadata":{"swaggerOperationId":"GetItems"}},"type":"ApiConnection","inputs":{"host":{"connection":{"name":"@json(decodeBase64(triggerOutputs().headers['X-MS-APIM-Tokens']))['$connections']['shared_excelonlinebusiness']['connectionId']"},"api":{"runtimeUrl":"https://europe-002.azure-apim.net/apim/excelonlinebusiness"}},"method":"get","path":"/drives/@{encodeURIComponent('b!TAG4s3ksWUqgTYL03wGkqvHFAi0JQwNEtgesTQyew9p30WQpCfh6QJ1Ho-NUup07')}/files/@{encodeURIComponent('01BF4MPJSIL4JECWNCWBE3M6APW7Q435TG')}/tables/@{encodeURIComponent('{AD8B3E56-C4B9-604B-9D11-ED844FFD2C8E}')}/items","queries":{"source":"me"},"authentication":{"type":"Raw","value":"@json(decodeBase64(triggerOutputs().headers['X-MS-APIM-Tokens']))['$ConnectionKey']"}},"description":"Fetch information about the shipment in Excel spreadsheet stored on OneDrive or SharePoint"},"Apply_to_each":{"foreach":"@body('List_rows_present_in_a_table')?['value']","actions":{"Create_a_new_record":{"runAfter":{"HTTP":["Succeeded"]},"metadata":{"flowSystemMetadata":{"swaggerOperationId":"PostItem_V2"}},"type":"ApiConnection","inputs":{"host":{"connection":{"name":"@json(decodeBase64(triggerOutputs().headers['X-MS-APIM-Tokens']))['$connections']['shared_commondataservice']['connectionId']"},"api":{"runtimeUrl":"https://europe-002.azure-apim.net/apim/commondataservice"}},"method":"post","body":{"cr666_id":"@items('Apply_to_each')?['trackerId']","cr666_description":"@items('Apply_to_each')?['label']","cr666_estimateddeliverytime":"@{items('Apply_to_each')?['estimated_delivery_time_string']}","entityimage":"@{base64(body('HTTP'))}","cr666_shippingtime":"@items('Apply_to_each')?['shipping_time_string']","_ownerid_type":""},"path":"/v2/datasets/@{encodeURIComponent(encodeURIComponent('org3df4898f.crm4'))}/tables/@{encodeURIComponent(encodeURIComponent('cr666_shipments'))}/items","authentication":{"type":"Raw","value":"@json(decodeBase64(triggerOutputs().headers['X-MS-APIM-Tokens']))['$ConnectionKey']"}}},"HTTP":{"runAfter":{},"type":"Http","inputs":{"method":"GET","uri":"@items('Apply_to_each')?['picture']"},"description":"Download the image at the URL found in column 'picture' of the current row"}},"runAfter":{"List_rows_present_in_a_table":["Succeeded"]},"type":"Foreach","description":"Create a Shipment in CDS for each row in the Excel Spreadsheet"},"List_records":{"runAfter":{},"metadata":{"flowSystemMetadata":{"swaggerOperationId":"GetItems_V2"}},"type":"ApiConnection","inputs":{"host":{"connection":{"name":"@json(decodeBase64(triggerOutputs().headers['X-MS-APIM-Tokens']))['$connections']['shared_commondataservice']['connectionId']"},"api":{"runtimeUrl":"https://europe-002.azure-apim.net/apim/commondataservice"}},"method":"get","path":"/v2/datasets/@{encodeURIComponent(encodeURIComponent('default.cds'))}/tables/@{encodeURIComponent(encodeURIComponent('cr666_shipments'))}/items","authentication":{"type":"Raw","value":"@json(decodeBase64(triggerOutputs().headers['X-MS-APIM-Tokens']))['$ConnectionKey']"}},"description":"Loop through all shipments"},"Apply_to_each_2":{"foreach":"@body('List_records')?['value']","actions":{"Delete_a_record":{"runAfter":{},"metadata":{"flowSystemMetadata":{"swaggerOperationId":"DeleteItem"}},"type":"ApiConnection","inputs":{"host":{"connection":{"name":"@json(decodeBase64(triggerOutputs().headers['X-MS-APIM-Tokens']))['$connections']['shared_commondataservice']['connectionId']"},"api":{"runtimeUrl":"https://europe-002.azure-apim.net/apim/commondataservice"}},"method":"delete","path":"/datasets/@{encodeURIComponent(encodeURIComponent('default.cds'))}/tables/@{encodeURIComponent(encodeURIComponent('cr666_shipments'))}/items/@{encodeURIComponent(encodeURIComponent(items('Apply_to_each_2')?['cr666_shipmentid']))}","authentication":{"type":"Raw","value":"@json(decodeBase64(triggerOutputs().headers['X-MS-APIM-Tokens']))['$ConnectionKey']"}}}},"runAfter":{"List_records":["Succeeded"]},"type":"Foreach","description":"Delete shipment"}}},"connectionReferences":{"shared_excelonlinebusiness":{"connectionName":"007fca24980748a4a18d5c30ca178371","source":"Invoker","id":"/providers/Microsoft.PowerApps/apis/shared_excelonlinebusiness","tier":"NotSpecified"},"shared_commondataservice":{"connectionName":"b039f46dbe4242359d8780c5bb942bec","source":"Invoker","id":"/providers/Microsoft.PowerApps/apis/shared_commondataservice","tier":"NotSpecified"}},"flowFailureAlertSubscribed":false}}